id,fixture_id,league,home_team,away_team,kickoff_utc,model_home_p,model_draw_p,model_away_p,predicted_side,edge_value,actual_result,payload
1,1379109,39,Aston Villa,Arsenal,2025-12-06T12:30:00+00:00,0.082,0.129,0.714,away,,home,
2,1379116,39,Newcastle,Burnley,2025-12-06T15:00:00+00:00,0.569,0.162,0.185,home,,home,
3,1379110,39,Bournemouth,Chelsea,2025-12-06T15:00:00+00:00,0.125,0.183,0.666,away,,draw,
4,1379112,39,Everton,Nottingham Forest,2025-12-06T15:00:00+00:00,0.398,0.242,0.352,home,,home,
5,1379117,39,Tottenham,Brentford,2025-12-06T15:00:00+00:00,0.256,0.23,0.501,away,,home,
6,1379115,39,Manchester City,Sunderland,2025-12-06T15:00:00+00:00,0.669,0.135,0.106,home,,home,
7,1379114,39,Leeds,Liverpool,2025-12-06T17:30:00+00:00,0.178,0.158,0.571,away,,draw,
8,1379111,39,Brighton,West Ham,2025-12-07T14:00:00+00:00,0.346,0.225,0.412,away,,,
9,1379113,39,Fulham,Crystal Palace,2025-12-07T16:30:00+00:00,0.07,0.117,0.724,away,,,
10,1379118,39,Wolves,Manchester United,2025-12-08T20:00:00+00:00,0.293,0.316,0.39,away,,,
11,1379110,39,Bournemouth,Chelsea,2025-12-06T15:00:00+00:00,0.125,0.183,0.666,away,0.2274,draw,
12,1379109,39,Aston Villa,Arsenal,2025-12-06T12:30:00+00:00,0.082,0.129,0.714,away,0.2188,home,
13,1379117,39,Tottenham,Brentford,2025-12-06T15:00:00+00:00,0.256,0.23,0.501,away,0.1874,home,
14,1379116,39,Newcastle,Burnley,2025-12-06T15:00:00+00:00,0.569,0.162,0.185,away,0.0992,home,
15,1379112,39,Everton,Nottingham Forest,2025-12-06T15:00:00+00:00,0.398,0.242,0.352,away,0.0828,home,
16,1379110,39,Bournemouth,Chelsea,2025-12-06T15:00:00+00:00,0.125,0.183,0.666,away,0.2274,draw,
17,1379109,39,Aston Villa,Arsenal,2025-12-06T12:30:00+00:00,0.082,0.129,0.714,away,0.2188,home,
18,1379117,39,Tottenham,Brentford,2025-12-06T15:00:00+00:00,0.256,0.23,0.501,away,0.1874,home,
19,1379116,39,Newcastle,Burnley,2025-12-06T15:00:00+00:00,0.569,0.162,0.185,away,0.0992,home,
20,1379112,39,Everton,Nottingham Forest,2025-12-06T15:00:00+00:00,0.398,0.242,0.352,away,0.0828,home,
21,1379110,39,Bournemouth,Chelsea,2025-12-06T15:00:00+00:00,0.125,0.183,0.666,away,0.2274,draw,
22,1379109,39,Aston Villa,Arsenal,2025-12-06T12:30:00+00:00,0.082,0.129,0.714,away,0.2188,home,
23,1379117,39,Tottenham,Brentford,2025-12-06T15:00:00+00:00,0.256,0.23,0.501,away,0.1874,home,
24,1379116,39,Newcastle,Burnley,2025-12-06T15:00:00+00:00,0.569,0.162,0.185,away,0.0992,home,
25,1379112,39,Everton,Nottingham Forest,2025-12-06T15:00:00+00:00,0.398,0.242,0.352,away,0.0828,home,
26,1379110,39,Bournemouth,Chelsea,2025-12-06T15:00:00+00:00,0.125,0.183,0.666,away,0.2274,draw,
27,1379109,39,Aston Villa,Arsenal,2025-12-06T12:30:00+00:00,0.082,0.129,0.714,away,0.2188,home,
28,1379117,39,Tottenham,Brentford,2025-12-06T15:00:00+00:00,0.256,0.23,0.501,away,0.1874,home,
29,1379116,39,Newcastle,Burnley,2025-12-06T15:00:00+00:00,0.569,0.162,0.185,away,0.0992,home,
30,1379112,39,Everton,Nottingham Forest,2025-12-06T15:00:00+00:00,0.398,0.242,0.352,away,0.0828,home,
31,1379110,39,Bournemouth,Chelsea,2025-12-06T15:00:00+00:00,0.125,0.183,0.666,away,0.2274,draw,
32,1379109,39,Aston Villa,Arsenal,2025-12-06T12:30:00+00:00,0.082,0.129,0.714,away,0.2188,home,
33,1379117,39,Tottenham,Brentford,2025-12-06T15:00:00+00:00,0.256,0.23,0.501,away,0.1874,home,
34,1379116,39,Newcastle,Burnley,2025-12-06T15:00:00+00:00,0.569,0.162,0.185,away,0.0992,home,
35,1379112,39,Everton,Nottingham Forest,2025-12-06T15:00:00+00:00,0.398,0.242,0.352,away,0.0828,home,
36,1379110,39,Bournemouth,Chelsea,2025-12-06T15:00:00+00:00,0.125,0.183,0.666,away,0.2274,draw,
37,1379109,39,Aston Villa,Arsenal,2025-12-06T12:30:00+00:00,0.082,0.129,0.714,away,0.2188,home,
38,1379117,39,Tottenham,Brentford,2025-12-06T15:00:00+00:00,0.256,0.23,0.501,away,0.1874,home,
39,1379116,39,Newcastle,Burnley,2025-12-06T15:00:00+00:00,0.569,0.162,0.185,away,0.0992,home,
40,1379112,39,Everton,Nottingham Forest,2025-12-06T15:00:00+00:00,0.398,0.242,0.352,away,0.0828,home,
41,1379110,39,Bournemouth,Chelsea,2025-12-06T15:00:00+00:00,0.125,0.183,0.666,away,0.2274,draw,
42,1379109,39,Aston Villa,Arsenal,2025-12-06T12:30:00+00:00,0.082,0.129,0.714,away,0.2188,home,
43,1379117,39,Tottenham,Brentford,2025-12-06T15:00:00+00:00,0.256,0.23,0.501,away,0.1874,home,
44,1379116,39,Newcastle,Burnley,2025-12-06T15:00:00+00:00,0.569,0.162,0.185,away,0.0992,home,
45,1379112,39,Everton,Nottingham Forest,2025-12-06T15:00:00+00:00,0.398,0.242,0.352,away,0.0828,home,
46,1379110,39,Bournemouth,Chelsea,2025-12-06T15:00:00+00:00,0.125,0.183,0.666,away,0.2274,draw,
47,1379109,39,Aston Villa,Arsenal,2025-12-06T12:30:00+00:00,0.082,0.129,0.714,away,0.2188,home,
48,1379117,39,Tottenham,Brentford,2025-12-06T15:00:00+00:00,0.256,0.23,0.501,away,0.1874,home,
49,1379116,39,Newcastle,Burnley,2025-12-06T15:00:00+00:00,0.569,0.162,0.185,away,0.0992,home,
50,1379112,39,Everton,Nottingham Forest,2025-12-06T15:00:00+00:00,0.398,0.242,0.352,away,0.0828,home,
51,1379109,39,Aston Villa,Arsenal,2025-12-06T12:30:00+00:00,0.082,0.129,0.714,away,,home,
52,1379116,39,Newcastle,Burnley,2025-12-06T15:00:00+00:00,0.569,0.162,0.185,home,,home,
53,1379110,39,Bournemouth,Chelsea,2025-12-06T15:00:00+00:00,0.125,0.183,0.666,away,,draw,
54,1379112,39,Everton,Nottingham Forest,2025-12-06T15:00:00+00:00,0.398,0.242,0.352,home,,home,
55,1379117,39,Tottenham,Brentford,2025-12-06T15:00:00+00:00,0.256,0.23,0.501,away,,home,
56,1379115,39,Manchester City,Sunderland,2025-12-06T15:00:00+00:00,0.669,0.135,0.106,home,,home,
57,1379114,39,Leeds,Liverpool,2025-12-06T17:30:00+00:00,0.178,0.158,0.571,away,,draw,
58,1379111,39,Brighton,West Ham,2025-12-07T14:00:00+00:00,0.346,0.225,0.412,away,,,
59,1379113,39,Fulham,Crystal Palace,2025-12-07T16:30:00+00:00,0.07,0.117,0.724,away,,,
60,1379118,39,Wolves,Manchester United,2025-12-08T20:00:00+00:00,0.293,0.316,0.39,away,,,
61,1379110,39,Bournemouth,Chelsea,2025-12-06T15:00:00+00:00,0.125,0.183,0.666,away,0.2274,draw,
62,1379109,39,Aston Villa,Arsenal,2025-12-06T12:30:00+00:00,0.082,0.129,0.714,away,0.2188,home,
63,1379117,39,Tottenham,Brentford,2025-12-06T15:00:00+00:00,0.256,0.23,0.501,away,0.1874,home,
64,1379116,39,Newcastle,Burnley,2025-12-06T15:00:00+00:00,0.569,0.162,0.185,away,0.0992,home,
65,1379112,39,Everton,Nottingham Forest,2025-12-06T15:00:00+00:00,0.398,0.242,0.352,away,0.0828,home,
66,1379110,39,Bournemouth,Chelsea,2025-12-06T15:00:00+00:00,0.125,0.183,0.666,away,0.2274,draw,
67,1379109,39,Aston Villa,Arsenal,2025-12-06T12:30:00+00:00,0.082,0.129,0.714,away,0.2188,home,
68,1379117,39,Tottenham,Brentford,2025-12-06T15:00:00+00:00,0.256,0.23,0.501,away,0.1874,home,
69,1379116,39,Newcastle,Burnley,2025-12-06T15:00:00+00:00,0.569,0.162,0.185,away,0.0992,home,
70,1379112,39,Everton,Nottingham Forest,2025-12-06T15:00:00+00:00,0.398,0.242,0.352,away,0.0828,home,
71,1379110,39,Bournemouth,Chelsea,2025-12-06T15:00:00+00:00,0.125,0.183,0.666,away,0.2274,draw,
72,1379109,39,Aston Villa,Arsenal,2025-12-06T12:30:00+00:00,0.082,0.129,0.714,away,0.2188,home,
73,1379117,39,Tottenham,Brentford,2025-12-06T15:00:00+00:00,0.256,0.23,0.501,away,0.1874,home,
74,1379116,39,Newcastle,Burnley,2025-12-06T15:00:00+00:00,0.569,0.162,0.185,away,0.0992,home,
75,1379112,39,Everton,Nottingham Forest,2025-12-06T15:00:00+00:00,0.398,0.242,0.352,away,0.0828,home,
76,1379110,39,Bournemouth,Chelsea,2025-12-06T15:00:00+00:00,0.125,0.183,0.666,away,0.2274,draw,
77,1379109,39,Aston Villa,Arsenal,2025-12-06T12:30:00+00:00,0.082,0.129,0.714,away,0.2188,home,
78,1379117,39,Tottenham,Brentford,2025-12-06T15:00:00+00:00,0.256,0.23,0.501,away,0.1874,home,
79,1379116,39,Newcastle,Burnley,2025-12-06T15:00:00+00:00,0.569,0.162,0.185,away,0.0992,home,
80,1379112,39,Everton,Nottingham Forest,2025-12-06T15:00:00+00:00,0.398,0.242,0.352,away,0.0828,home,
81,1379110,39,Bournemouth,Chelsea,2025-12-06T15:00:00+00:00,0.125,0.183,0.666,away,0.2274,draw,
82,1379109,39,Aston Villa,Arsenal,2025-12-06T12:30:00+00:00,0.082,0.129,0.714,away,0.2188,home,
83,1379117,39,Tottenham,Brentford,2025-12-06T15:00:00+00:00,0.256,0.23,0.501,away,0.1874,home,
84,1379116,39,Newcastle,Burnley,2025-12-06T15:00:00+00:00,0.569,0.162,0.185,away,0.0992,home,
85,1379112,39,Everton,Nottingham Forest,2025-12-06T15:00:00+00:00,0.398,0.242,0.352,away,0.0828,home,
86,1379110,39,Bournemouth,Chelsea,2025-12-06T15:00:00+00:00,0.125,0.183,0.666,away,0.2274,draw,
87,1379109,39,Aston Villa,Arsenal,2025-12-06T12:30:00+00:00,0.082,0.129,0.714,away,0.2188,home,
88,1379117,39,Tottenham,Brentford,2025-12-06T15:00:00+00:00,0.256,0.23,0.501,away,0.1874,home,
89,1379116,39,Newcastle,Burnley,2025-12-06T15:00:00+00:00,0.569,0.162,0.185,away,0.0992,home,
90,1379112,39,Everton,Nottingham Forest,2025-12-06T15:00:00+00:00,0.398,0.242,0.352,away,0.0828,home,
91,1379110,39,Bournemouth,Chelsea,2025-12-06T15:00:00+00:00,0.125,0.183,0.666,away,0.2274,draw,
92,1379109,39,Aston Villa,Arsenal,2025-12-06T12:30:00+00:00,0.082,0.129,0.714,away,0.2188,home,
93,1379117,39,Tottenham,Brentford,2025-12-06T15:00:00+00:00,0.256,0.23,0.501,away,0.1874,home,
94,1379116,39,Newcastle,Burnley,2025-12-06T15:00:00+00:00,0.569,0.162,0.185,away,0.0992,home,
95,1379112,39,Everton,Nottingham Forest,2025-12-06T15:00:00+00:00,0.398,0.242,0.352,away,0.0828,home,
96,1379110,39,Bournemouth,Chelsea,2025-12-06T15:00:00+00:00,0.125,0.183,0.666,away,0.2274,draw,
97,1379109,39,Aston Villa,Arsenal,2025-12-06T12:30:00+00:00,0.082,0.129,0.714,away,0.2188,home,
98,1379117,39,Tottenham,Brentford,2025-12-06T15:00:00+00:00,0.256,0.23,0.501,away,0.1874,home,
99,1379116,39,Newcastle,Burnley,2025-12-06T15:00:00+00:00,0.569,0.162,0.185,away,0.0992,home,
100,1379112,39,Everton,Nottingham Forest,2025-12-06T15:00:00+00:00,0.398,0.242,0.352,away,0.0828,home,
101,1379110,39,Bournemouth,Chelsea,2025-12-06T15:00:00+00:00,0.125,0.183,0.666,away,0.2274,draw,
102,1379109,39,Aston Villa,Arsenal,2025-12-06T12:30:00+00:00,0.082,0.129,0.714,away,0.2188,home,
103,1379117,39,Tottenham,Brentford,2025-12-06T15:00:00+00:00,0.256,0.23,0.501,away,0.1874,home,
104,1379116,39,Newcastle,Burnley,2025-12-06T15:00:00+00:00,0.569,0.162,0.185,away,0.0992,home,
105,1379112,39,Everton,Nottingham Forest,2025-12-06T15:00:00+00:00,0.398,0.242,0.352,away,0.0828,home,
106,1379110,39,Bournemouth,Chelsea,2025-12-06T15:00:00+00:00,0.125,0.183,0.666,away,0.2274,draw,
107,1379109,39,Aston Villa,Arsenal,2025-12-06T12:30:00+00:00,0.082,0.129,0.714,away,0.2188,home,
108,1379117,39,Tottenham,Brentford,2025-12-06T15:00:00+00:00,0.256,0.23,0.501,away,0.1874,home,
109,1379116,39,Newcastle,Burnley,2025-12-06T15:00:00+00:00,0.569,0.162,0.185,away,0.0992,home,
110,1379112,39,Everton,Nottingham Forest,2025-12-06T15:00:00+00:00,0.398,0.242,0.352,away,0.0828,home,
111,1379110,39,Bournemouth,Chelsea,2025-12-06T15:00:00+00:00,0.125,0.183,0.666,away,0.2274,draw,
112,1379109,39,Aston Villa,Arsenal,2025-12-06T12:30:00+00:00,0.082,0.129,0.714,away,0.2188,home,
113,1379117,39,Tottenham,Brentford,2025-12-06T15:00:00+00:00,0.256,0.23,0.501,away,0.1874,home,
114,1379116,39,Newcastle,Burnley,2025-12-06T15:00:00+00:00,0.569,0.162,0.185,away,0.0992,home,
115,1379112,39,Everton,Nottingham Forest,2025-12-06T15:00:00+00:00,0.398,0.242,0.352,away,0.0828,home,
116,1379110,39,Bournemouth,Chelsea,2025-12-06T15:00:00+00:00,0.125,0.183,0.666,away,0.2274,draw,
117,1379109,39,Aston Villa,Arsenal,2025-12-06T12:30:00+00:00,0.082,0.129,0.714,away,0.2188,home,
118,1379117,39,Tottenham,Brentford,2025-12-06T15:00:00+00:00,0.256,0.23,0.501,away,0.1874,home,
119,1379116,39,Newcastle,Burnley,2025-12-06T15:00:00+00:00,0.569,0.162,0.185,away,0.0992,home,
120,1379112,39,Everton,Nottingham Forest,2025-12-06T15:00:00+00:00,0.398,0.242,0.352,away,0.0828,home,
121,1379110,39,Bournemouth,Chelsea,2025-12-06T15:00:00+00:00,0.125,0.183,0.666,away,0.2274,draw,
122,1379109,39,Aston Villa,Arsenal,2025-12-06T12:30:00+00:00,0.082,0.129,0.714,away,0.2188,home,
123,1379117,39,Tottenham,Brentford,2025-12-06T15:00:00+00:00,0.256,0.23,0.501,away,0.1874,home,
124,1379116,39,Newcastle,Burnley,2025-12-06T15:00:00+00:00,0.569,0.162,0.185,away,0.0992,home,
125,1379112,39,Everton,Nottingham Forest,2025-12-06T15:00:00+00:00,0.398,0.242,0.352,away,0.0828,home,
126,1379110,39,Bournemouth,Chelsea,2025-12-06T15:00:00+00:00,0.125,0.183,0.666,away,0.2274,draw,
127,1379109,39,Aston Villa,Arsenal,2025-12-06T12:30:00+00:00,0.082,0.129,0.714,away,0.2188,home,
128,1379117,39,Tottenham,Brentford,2025-12-06T15:00:00+00:00,0.256,0.23,0.501,away,0.1874,home,
129,1379116,39,Newcastle,Burnley,2025-12-06T15:00:00+00:00,0.569,0.162,0.185,away,0.0992,home,
130,1379112,39,Everton,Nottingham Forest,2025-12-06T15:00:00+00:00,0.398,0.242,0.352,away,0.0828,home,
131,1379110,39,Bournemouth,Chelsea,2025-12-06T15:00:00+00:00,0.125,0.183,0.666,away,0.2274,draw,
132,1379109,39,Aston Villa,Arsenal,2025-12-06T12:30:00+00:00,0.082,0.129,0.714,away,0.2188,home,
133,1379117,39,Tottenham,Brentford,2025-12-06T15:00:00+00:00,0.256,0.23,0.501,away,0.1874,home,
134,1379116,39,Newcastle,Burnley,2025-12-06T15:00:00+00:00,0.569,0.162,0.185,away,0.0992,home,
135,1379112,39,Everton,Nottingham Forest,2025-12-06T15:00:00+00:00,0.398,0.242,0.352,away,0.0828,home,
136,1379110,39,Bournemouth,Chelsea,2025-12-06T15:00:00+00:00,0.125,0.183,0.666,away,0.2274,draw,
137,1379109,39,Aston Villa,Arsenal,2025-12-06T12:30:00+00:00,0.082,0.129,0.714,away,0.2188,home,
138,1379117,39,Tottenham,Brentford,2025-12-06T15:00:00+00:00,0.256,0.23,0.501,away,0.1874,home,
139,1379116,39,Newcastle,Burnley,2025-12-06T15:00:00+00:00,0.569,0.162,0.185,away,0.0992,home,
140,1379112,39,Everton,Nottingham Forest,2025-12-06T15:00:00+00:00,0.398,0.242,0.352,away,0.0828,home,
141,1379110,39,Bournemouth,Chelsea,2025-12-06T15:00:00+00:00,0.125,0.183,0.666,away,0.2274,draw,
142,1379109,39,Aston Villa,Arsenal,2025-12-06T12:30:00+00:00,0.082,0.129,0.714,away,0.2188,home,
143,1379117,39,Tottenham,Brentford,2025-12-06T15:00:00+00:00,0.256,0.23,0.501,away,0.1874,home,
144,1379116,39,Newcastle,Burnley,2025-12-06T15:00:00+00:00,0.569,0.162,0.185,away,0.0992,home,
145,1379112,39,Everton,Nottingham Forest,2025-12-06T15:00:00+00:00,0.398,0.242,0.352,away,0.0828,home,
146,1379110,39,Bournemouth,Chelsea,2025-12-06T15:00:00+00:00,0.125,0.183,0.666,away,0.2274,draw,
147,1379109,39,Aston Villa,Arsenal,2025-12-06T12:30:00+00:00,0.082,0.129,0.714,away,0.2188,home,
148,1379117,39,Tottenham,Brentford,2025-12-06T15:00:00+00:00,0.256,0.23,0.501,away,0.1874,home,
149,1379116,39,Newcastle,Burnley,2025-12-06T15:00:00+00:00,0.569,0.162,0.185,away,0.0992,home,
150,1379112,39,Everton,Nottingham Forest,2025-12-06T15:00:00+00:00,0.398,0.242,0.352,away,0.0828,home,
151,1379110,39,Bournemouth,Chelsea,2025-12-06T15:00:00+00:00,0.125,0.183,0.666,away,0.2274,draw,
152,1379109,39,Aston Villa,Arsenal,2025-12-06T12:30:00+00:00,0.082,0.129,0.714,away,0.2188,home,
153,1379117,39,Tottenham,Brentford,2025-12-06T15:00:00+00:00,0.256,0.23,0.501,away,0.1874,home,
154,1379116,39,Newcastle,Burnley,2025-12-06T15:00:00+00:00,0.569,0.162,0.185,away,0.0992,home,
155,1379112,39,Everton,Nottingham Forest,2025-12-06T15:00:00+00:00,0.398,0.242,0.352,away,0.0828,home,
156,1379110,39,Bournemouth,Chelsea,2025-12-06T15:00:00+00:00,0.125,0.183,0.666,away,0.2274,draw,
157,1379109,39,Aston Villa,Arsenal,2025-12-06T12:30:00+00:00,0.082,0.129,0.714,away,0.2188,home,
158,1379117,39,Tottenham,Brentford,2025-12-06T15:00:00+00:00,0.256,0.23,0.501,away,0.1874,home,
159,1379116,39,Newcastle,Burnley,2025-12-06T15:00:00+00:00,0.569,0.162,0.185,away,0.0992,home,
160,1379112,39,Everton,Nottingham Forest,2025-12-06T15:00:00+00:00,0.398,0.242,0.352,away,0.0828,home,
161,1379110,39,Bournemouth,Chelsea,2025-12-06T15:00:00+00:00,0.125,0.183,0.666,away,0.2274,draw,
162,1379109,39,Aston Villa,Arsenal,2025-12-06T12:30:00+00:00,0.082,0.129,0.714,away,0.2188,home,
163,1379117,39,Tottenham,Brentford,2025-12-06T15:00:00+00:00,0.256,0.23,0.501,away,0.1874,home,
164,1379116,39,Newcastle,Burnley,2025-12-06T15:00:00+00:00,0.569,0.162,0.185,away,0.0992,home,
165,1379112,39,Everton,Nottingham Forest,2025-12-06T15:00:00+00:00,0.398,0.242,0.352,away,0.0828,home,
166,1379110,39,Bournemouth,Chelsea,2025-12-06T15:00:00+00:00,0.125,0.183,0.666,away,0.2274,draw,
167,1379109,39,Aston Villa,Arsenal,2025-12-06T12:30:00+00:00,0.082,0.129,0.714,away,0.2188,home,
168,1379117,39,Tottenham,Brentford,2025-12-06T15:00:00+00:00,0.256,0.23,0.501,away,0.1874,home,
169,1379116,39,Newcastle,Burnley,2025-12-06T15:00:00+00:00,0.569,0.162,0.185,away,0.0992,home,
170,1379112,39,Everton,Nottingham Forest,2025-12-06T15:00:00+00:00,0.398,0.242,0.352,away,0.0828,home,
171,1379110,39,Bournemouth,Chelsea,2025-12-06T15:00:00+00:00,0.125,0.183,0.666,away,0.2274,draw,
172,1379109,39,Aston Villa,Arsenal,2025-12-06T12:30:00+00:00,0.082,0.129,0.714,away,0.2188,home,
173,1379117,39,Tottenham,Brentford,2025-12-06T15:00:00+00:00,0.256,0.23,0.501,away,0.1874,home,
174,1379116,39,Newcastle,Burnley,2025-12-06T15:00:00+00:00,0.569,0.162,0.185,away,0.0992,home,
175,1379112,39,Everton,Nottingham Forest,2025-12-06T15:00:00+00:00,0.398,0.242,0.352,away,0.0828,home,
176,1379110,39,Bournemouth,Chelsea,2025-12-06T15:00:00+00:00,0.125,0.183,0.666,away,0.2274,draw,
177,1379109,39,Aston Villa,Arsenal,2025-12-06T12:30:00+00:00,0.082,0.129,0.714,away,0.2188,home,
178,1379117,39,Tottenham,Brentford,2025-12-06T15:00:00+00:00,0.256,0.23,0.501,away,0.1874,home,
179,1379116,39,Newcastle,Burnley,2025-12-06T15:00:00+00:00,0.569,0.162,0.185,away,0.0992,home,
180,1379112,39,Everton,Nottingham Forest,2025-12-06T15:00:00+00:00,0.398,0.242,0.352,away,0.0828,home,
181,1379110,39,Bournemouth,Chelsea,2025-12-06T15:00:00+00:00,0.125,0.183,0.666,away,0.2274,draw,
182,1379109,39,Aston Villa,Arsenal,2025-12-06T12:30:00+00:00,0.082,0.129,0.714,away,0.2188,home,
183,1379117,39,Tottenham,Brentford,2025-12-06T15:00:00+00:00,0.256,0.23,0.501,away,0.1874,home,
184,1379116,39,Newcastle,Burnley,2025-12-06T15:00:00+00:00,0.569,0.162,0.185,away,0.0992,home,
185,1379112,39,Everton,Nottingham Forest,2025-12-06T15:00:00+00:00,0.398,0.242,0.352,away,0.0828,home,
186,1379110,39,Bournemouth,Chelsea,2025-12-06T15:00:00+00:00,0.125,0.183,0.666,away,0.2274,draw,
187,1379109,39,Aston Villa,Arsenal,2025-12-06T12:30:00+00:00,0.082,0.129,0.714,away,0.2188,home,
188,1379117,39,Tottenham,Brentford,2025-12-06T15:00:00+00:00,0.256,0.23,0.501,away,0.1874,home,
189,1379116,39,Newcastle,Burnley,2025-12-06T15:00:00+00:00,0.569,0.162,0.185,away,0.0992,home,
190,1379112,39,Everton,Nottingham Forest,2025-12-06T15:00:00+00:00,0.398,0.242,0.352,away,0.0828,home,
191,1379110,39,Bournemouth,Chelsea,2025-12-06T15:00:00+00:00,0.125,0.183,0.666,away,0.2274,draw,
192,1379109,39,Aston Villa,Arsenal,2025-12-06T12:30:00+00:00,0.082,0.129,0.714,away,0.2188,home,
193,1379117,39,Tottenham,Brentford,2025-12-06T15:00:00+00:00,0.256,0.23,0.501,away,0.1874,home,
194,1379116,39,Newcastle,Burnley,2025-12-06T15:00:00+00:00,0.569,0.162,0.185,away,0.0992,home,
195,1379112,39,Everton,Nottingham Forest,2025-12-06T15:00:00+00:00,0.398,0.242,0.352,away,0.0828,home,
196,1379110,39,Bournemouth,Chelsea,2025-12-06T15:00:00+00:00,0.125,0.183,0.666,away,0.2274,draw,
197,1379109,39,Aston Villa,Arsenal,2025-12-06T12:30:00+00:00,0.082,0.129,0.714,away,0.2188,home,
198,1379117,39,Tottenham,Brentford,2025-12-06T15:00:00+00:00,0.256,0.23,0.501,away,0.1874,home,
199,1379116,39,Newcastle,Burnley,2025-12-06T15:00:00+00:00,0.569,0.162,0.185,away,0.0992,home,
200,1379112,39,Everton,Nottingham Forest,2025-12-06T15:00:00+00:00,0.398,0.242,0.352,away,0.0828,home,
201,1379110,39,Bournemouth,Chelsea,2025-12-06T15:00:00+00:00,0.125,0.183,0.666,away,0.2274,draw,
202,1379109,39,Aston Villa,Arsenal,2025-12-06T12:30:00+00:00,0.082,0.129,0.714,away,0.2188,home,
203,1379117,39,Tottenham,Brentford,2025-12-06T15:00:00+00:00,0.256,0.23,0.501,away,0.1874,home,
204,1379116,39,Newcastle,Burnley,2025-12-06T15:00:00+00:00,0.569,0.162,0.185,away,0.0992,home,
205,1379112,39,Everton,Nottingham Forest,2025-12-06T15:00:00+00:00,0.398,0.242,0.352,away,0.0828,home,
206,1379110,39,Bournemouth,Chelsea,2025-12-06T15:00:00+00:00,0.125,0.183,0.666,away,0.2274,draw,
207,1379109,39,Aston Villa,Arsenal,2025-12-06T12:30:00+00:00,0.082,0.129,0.714,away,0.2188,home,
208,1379117,39,Tottenham,Brentford,2025-12-06T15:00:00+00:00,0.256,0.23,0.501,away,0.1874,home,
209,1379116,39,Newcastle,Burnley,2025-12-06T15:00:00+00:00,0.569,0.162,0.185,away,0.0992,home,
210,1379112,39,Everton,Nottingham Forest,2025-12-06T15:00:00+00:00,0.398,0.242,0.352,away,0.0828,home,
211,1379110,39,Bournemouth,Chelsea,2025-12-06T15:00:00+00:00,0.125,0.183,0.666,away,0.2274,draw,
212,1379109,39,Aston Villa,Arsenal,2025-12-06T12:30:00+00:00,0.082,0.129,0.714,away,0.2188,home,
213,1379117,39,Tottenham,Brentford,2025-12-06T15:00:00+00:00,0.256,0.23,0.501,away,0.1874,home,
214,1379116,39,Newcastle,Burnley,2025-12-06T15:00:00+00:00,0.569,0.162,0.185,away,0.0992,home,
215,1379112,39,Everton,Nottingham Forest,2025-12-06T15:00:00+00:00,0.398,0.242,0.352,away,0.0828,home,
216,1379112,39,Everton,Nottingham Forest,2025-12-06T15:00:00+00:00,0.341,0.23,0.415,away,0.1458,home,
217,1379112,39,Everton,Nottingham Forest,2025-12-06T15:00:00+00:00,0.341,0.23,0.415,away,0.1458,home,
218,1379112,39,Everton,Nottingham Forest,2025-12-06T15:00:00+00:00,0.341,0.23,0.415,away,0.1458,home,
219,1379112,39,Everton,Nottingham Forest,2025-12-06T15:00:00+00:00,0.341,0.23,0.415,away,0.1458,home,
220,1379112,39,Everton,Nottingham Forest,2025-12-06T15:00:00+00:00,0.341,0.23,0.415,away,0.1458,home,
221,1379112,39,Everton,Nottingham Forest,2025-12-06T15:00:00+00:00,0.341,0.23,0.415,away,0.1458,home,
222,1379112,39,Everton,Nottingham Forest,2025-12-06T15:00:00+00:00,0.341,0.23,0.415,away,0.1458,home,
223,1379112,39,Everton,Nottingham Forest,2025-12-06T15:00:00+00:00,0.341,0.23,0.415,away,0.1458,home,
224,1379112,39,Everton,Nottingham Forest,2025-12-06T15:00:00+00:00,0.341,0.23,0.415,away,0.1458,home,
225,1379112,39,Everton,Nottingham Forest,2025-12-06T15:00:00+00:00,0.341,0.23,0.415,away,0.1458,home,
226,1379112,39,Everton,Nottingham Forest,2025-12-06T15:00:00+00:00,0.341,0.23,0.415,away,0.1458,home,
227,1379112,39,Everton,Nottingham Forest,2025-12-06T15:00:00+00:00,0.341,0.23,0.415,away,0.1458,home,
228,1379112,39,Everton,Nottingham Forest,2025-12-06T15:00:00+00:00,0.341,0.23,0.415,away,0.1458,home,
229,1379112,39,Everton,Nottingham Forest,2025-12-06T15:00:00+00:00,0.341,0.23,0.415,away,0.1458,home,
230,1379112,39,Everton,Nottingham Forest,2025-12-06T15:00:00+00:00,0.341,0.23,0.415,away,0.1458,home,
231,1379112,39,Everton,Nottingham Forest,2025-12-06T15:00:00+00:00,0.341,0.23,0.415,away,0.1458,home,
232,1379112,39,Everton,Nottingham Forest,2025-12-06T15:00:00+00:00,0.341,0.23,0.415,away,0.1458,home,
233,1379112,39,Everton,Nottingham Forest,2025-12-06T15:00:00+00:00,0.341,0.23,0.415,away,0.1458,home,
234,1379112,39,Everton,Nottingham Forest,2025-12-06T15:00:00+00:00,0.341,0.23,0.415,away,0.1458,home,
235,1379112,39,Everton,Nottingham Forest,2025-12-06T15:00:00+00:00,0.341,0.23,0.415,away,0.1458,home,
236,1379112,39,Everton,Nottingham Forest,2025-12-06T15:00:00+00:00,0.341,0.23,0.415,away,0.1458,home,
237,1379112,39,Everton,Nottingham Forest,2025-12-06T15:00:00+00:00,0.341,0.23,0.415,away,0.1458,home,
238,1379112,39,Everton,Nottingham Forest,2025-12-06T15:00:00+00:00,0.341,0.23,0.415,away,0.1458,home,
239,1379112,39,Everton,Nottingham Forest,2025-12-06T15:00:00+00:00,0.341,0.23,0.415,away,0.1458,home,
240,1379112,39,Everton,Nottingham Forest,2025-12-06T15:00:00+00:00,0.341,0.23,0.415,away,0.1458,home,
241,1379112,39,Everton,Nottingham Forest,2025-12-06T15:00:00+00:00,0.341,0.23,0.415,away,0.1458,home,
242,1379112,39,Everton,Nottingham Forest,2025-12-06T15:00:00+00:00,0.341,0.23,0.415,away,0.1458,home,
243,1379112,39,Everton,Nottingham Forest,2025-12-06T15:00:00+00:00,0.341,0.23,0.415,away,0.1458,home,
244,1379112,39,Everton,Nottingham Forest,2025-12-06T15:00:00+00:00,0.341,0.23,0.415,away,0.1458,home,
245,1379112,39,Everton,Nottingham Forest,2025-12-06T15:00:00+00:00,0.341,0.23,0.415,away,0.1458,home,
246,1379112,39,Everton,Nottingham Forest,2025-12-06T15:00:00+00:00,0.341,0.23,0.415,away,0.1458,home,
247,1379112,39,Everton,Nottingham Forest,2025-12-06T15:00:00+00:00,0.341,0.23,0.415,away,0.1458,home,
248,1379112,39,Everton,Nottingham Forest,2025-12-06T15:00:00+00:00,0.341,0.23,0.415,away,0.1458,home,
249,1379112,39,Everton,Nottingham Forest,2025-12-06T15:00:00+00:00,0.341,0.23,0.415,away,0.1458,home,
250,1379112,39,Everton,Nottingham Forest,2025-12-06T15:00:00+00:00,0.341,0.23,0.415,away,0.1458,home,
251,1379112,39,Everton,Nottingham Forest,2025-12-06T15:00:00+00:00,0.341,0.23,0.415,away,0.1458,home,
252,1379112,39,Everton,Nottingham Forest,2025-12-06T15:00:00+00:00,0.341,0.23,0.415,away,0.1458,home,
253,1379112,39,Everton,Nottingham Forest,2025-12-06T15:00:00+00:00,0.341,0.23,0.415,away,0.1458,home,
254,1379112,39,Everton,Nottingham Forest,2025-12-06T15:00:00+00:00,0.341,0.23,0.415,away,0.1458,home,
255,1379112,39,Everton,Nottingham Forest,2025-12-06T15:00:00+00:00,0.341,0.23,0.415,away,0.1458,home,
256,1379112,39,Everton,Nottingham Forest,2025-12-06T15:00:00+00:00,0.341,0.23,0.415,away,0.1458,home,
257,1379112,39,Everton,Nottingham Forest,2025-12-06T15:00:00+00:00,0.341,0.23,0.415,away,0.1458,home,
258,1379112,39,Everton,Nottingham Forest,2025-12-06T15:00:00+00:00,0.341,0.23,0.415,away,0.1458,home,
259,1379112,39,Everton,Nottingham Forest,2025-12-06T15:00:00+00:00,0.341,0.23,0.415,away,0.1458,home,
260,1379112,39,Everton,Nottingham Forest,2025-12-06T15:00:00+00:00,0.341,0.23,0.415,away,0.1458,home,
261,1379112,39,Everton,Nottingham Forest,2025-12-06T15:00:00+00:00,0.341,0.23,0.415,away,0.1458,home,
262,1379112,39,Everton,Nottingham Forest,2025-12-06T15:00:00+00:00,0.341,0.23,0.415,away,0.1458,home,
263,1379112,39,Everton,Nottingham Forest,2025-12-06T15:00:00+00:00,0.341,0.23,0.415,away,0.1458,home,
264,1379112,39,Everton,Nottingham Forest,2025-12-06T15:00:00+00:00,0.341,0.23,0.415,away,0.1458,home,
265,1379112,39,Everton,Nottingham Forest,2025-12-06T15:00:00+00:00,0.341,0.23,0.415,away,0.1458,home,
266,1379112,39,Everton,Nottingham Forest,2025-12-06T15:00:00+00:00,0.341,0.23,0.415,away,0.1458,home,
267,1379112,39,Everton,Nottingham Forest,2025-12-06T15:00:00+00:00,0.341,0.23,0.415,away,0.1458,home,
268,1379112,39,Everton,Nottingham Forest,2025-12-06T15:00:00+00:00,0.341,0.23,0.415,away,0.1458,home,
269,1379112,39,Everton,Nottingham Forest,2025-12-06T15:00:00+00:00,0.341,0.23,0.415,away,0.1458,home,
270,1379112,39,Everton,Nottingham Forest,2025-12-06T15:00:00+00:00,0.341,0.23,0.415,away,0.1458,home,
271,1379112,39,Everton,Nottingham Forest,2025-12-06T15:00:00+00:00,0.341,0.23,0.415,away,0.1458,home,
272,1379112,39,Everton,Nottingham Forest,2025-12-06T15:00:00+00:00,0.341,0.23,0.415,away,0.1458,home,
273,1379112,39,Everton,Nottingham Forest,2025-12-06T15:00:00+00:00,0.341,0.23,0.415,away,0.1458,home,
274,1379112,39,Everton,Nottingham Forest,2025-12-06T15:00:00+00:00,0.341,0.23,0.415,away,0.1458,home,
275,1379112,39,Everton,Nottingham Forest,2025-12-06T15:00:00+00:00,0.341,0.23,0.415,away,0.1458,home,
276,1379112,39,Everton,Nottingham Forest,2025-12-06T15:00:00+00:00,0.341,0.23,0.415,away,0.1458,home,
277,1379112,39,Everton,Nottingham Forest,2025-12-06T15:00:00+00:00,0.341,0.23,0.415,away,0.1458,home,
278,1379112,39,Everton,Nottingham Forest,2025-12-06T15:00:00+00:00,0.341,0.23,0.415,away,0.1458,home,
279,1379109,39,Aston Villa,Arsenal,2025-12-06T12:30:00+00:00,0.221,0.23,0.538,away,,home,
280,1379116,39,Newcastle,Burnley,2025-12-06T15:00:00+00:00,0.682,0.153,0.111,home,,home,
281,1379110,39,Bournemouth,Chelsea,2025-12-06T15:00:00+00:00,0.302,0.229,0.455,away,,draw,
282,1379112,39,Everton,Nottingham Forest,2025-12-06T15:00:00+00:00,0.341,0.23,0.415,away,,home,
283,1379117,39,Tottenham,Brentford,2025-12-06T15:00:00+00:00,0.406,0.226,0.352,home,,home,
284,1379115,39,Manchester City,Sunderland,2025-12-06T15:00:00+00:00,0.57,0.152,0.172,home,,home,
285,1379114,39,Leeds,Liverpool,2025-12-06T17:30:00+00:00,0.451,0.241,0.299,home,,draw,
286,1379111,39,Brighton,West Ham,2025-12-07T14:00:00+00:00,0.444,0.196,0.313,home,,,
287,1379113,39,Fulham,Crystal Palace,2025-12-07T16:30:00+00:00,0.308,0.319,0.372,away,,,
288,1379118,39,Wolves,Manchester United,2025-12-08T20:00:00+00:00,0.137,0.253,0.604,away,,,
289,1379111,39,Brighton,West Ham,2025-12-07T14:00:00+00:00,0.444,0.196,0.313,home,,,
290,1379113,39,Fulham,Crystal Palace,2025-12-07T16:30:00+00:00,0.308,0.319,0.372,away,,,
291,1379118,39,Wolves,Manchester United,2025-12-08T20:00:00+00:00,0.137,0.253,0.604,away,,,
292,1379124,39,Liverpool,Brighton,2025-12-13T15:00:00+00:00,0.258,0.253,0.483,away,,,
293,1379122,39,Chelsea,Everton,2025-12-13T15:00:00+00:00,0.407,0.294,0.296,home,,,
294,1379121,39,Burnley,Fulham,2025-12-13T17:30:00+00:00,0.202,0.204,0.57,away,,,
295,1378003,135,Verona,Atalanta,2025-12-06T19:45:00+00:00,0.302,0.255,0.437,away,,,
296,1377995,135,Cremonese,Lecce,2025-12-07T11:30:00+00:00,0.236,0.286,0.476,away,,,
297,1377994,135,Cagliari,AS Roma,2025-12-07T14:00:00+00:00,0.221,0.238,0.532,away,,,
298,1377997,135,Lazio,Bologna,2025-12-07T17:00:00+00:00,0.557,0.269,0.17,home,,,
299,1377998,135,Napoli,Juventus,2025-12-07T19:45:00+00:00,0.264,0.501,0.235,draw,,,
300,1377999,135,Pisa,Parma,2025-12-08T14:00:00+00:00,0.417,0.268,0.311,home,,,
301,1378002,135,Udinese,Genoa,2025-12-08T17:00:00+00:00,0.32,0.252,0.421,away,,,
302,1378001,135,Torino,AC Milan,2025-12-08T19:45:00+00:00,0.034,0.153,0.793,away,,,
303,1378008,135,Lecce,Pisa,2025-12-12T19:45:00+00:00,0.361,0.334,0.304,home,,,
304,1378012,135,Torino,Cremonese,2025-12-13T14:00:00+00:00,0.406,0.274,0.317,home,,,
305,1378010,135,Parma,Lazio,2025-12-13T17:00:00+00:00,0.417,0.242,0.332,home,,,
306,1379111,39,Brighton,West Ham,2025-12-07T14:00:00+00:00,0.444,0.196,0.313,home,,,
307,1379113,39,Fulham,Crystal Palace,2025-12-07T16:30:00+00:00,0.308,0.319,0.372,away,,,
308,1379118,39,Wolves,Manchester United,2025-12-08T20:00:00+00:00,0.137,0.253,0.604,away,,,
309,1379124,39,Liverpool,Brighton,2025-12-13T15:00:00+00:00,0.219,0.225,0.542,away,,,
310,1379122,39,Chelsea,Everton,2025-12-13T15:00:00+00:00,0.407,0.294,0.296,home,,,
311,1379121,39,Burnley,Fulham,2025-12-13T17:30:00+00:00,0.202,0.204,0.57,away,,,
312,1379119,39,Arsenal,Wolves,2025-12-13T20:00:00+00:00,0.77,0.177,0.04,home,,,
313,1379111,39,Brighton,West Ham,2025-12-07T14:00:00+00:00,0.444,0.196,0.313,home,,,
314,1379113,39,Fulham,Crystal Palace,2025-12-07T16:30:00+00:00,0.308,0.319,0.372,away,,,
315,1379118,39,Wolves,Manchester United,2025-12-08T20:00:00+00:00,0.137,0.253,0.604,away,,,
316,1379124,39,Liverpool,Brighton,2025-12-13T15:00:00+00:00,0.219,0.225,0.542,away,,,
317,1379122,39,Chelsea,Everton,2025-12-13T15:00:00+00:00,0.407,0.294,0.296,home,,,
318,1379121,39,Burnley,Fulham,2025-12-13T17:30:00+00:00,0.202,0.204,0.57,away,,,
319,1379119,39,Arsenal,Wolves,2025-12-13T20:00:00+00:00,0.77,0.177,0.04,home,,,
320,1390962,140,Elche,Girona,2025-12-07T13:00:00+00:00,0.457,0.32,0.222,home,,,
321,1390967,140,Valencia,Sevilla,2025-12-07T15:15:00+00:00,0.738,0.137,0.073,home,,,
322,1390963,140,Espanyol,Rayo Vallecano,2025-12-07T17:30:00+00:00,0.192,0.274,0.53,away,,,
323,1390965,140,Real Madrid,Celta Vigo,2025-12-07T20:00:00+00:00,0.514,0.178,0.239,home,,,
324,1390964,140,Osasuna,Levante,2025-12-08T20:00:00+00:00,0.517,0.204,0.25,home,,,
325,1390977,140,Real Sociedad,Girona,2025-12-12T20:00:00+00:00,0.467,0.281,0.249,home,,,
326,1390970,140,Atletico Madrid,Valencia,2025-12-13T13:00:00+00:00,0.73,0.152,0.08,home,,,
327,1390975,140,Mallorca,Elche,2025-12-13T15:15:00+00:00,0.326,0.35,0.324,draw,,,
328,1390971,140,Barcelona,Osasuna,2025-12-13T17:30:00+00:00,0.436,0.238,0.315,home,,,
329,1390973,140,Getafe,Espanyol,2025-12-13T20:00:00+00:00,0.352,0.25,0.391,away,,,
330,1379111,39,Brighton,West Ham,2025-12-07T14:00:00+00:00,0.444,0.196,0.313,home,,,
331,1379113,39,Fulham,Crystal Palace,2025-12-07T16:30:00+00:00,0.308,0.319,0.372,away,,,
332,1379118,39,Wolves,Manchester United,2025-12-08T20:00:00+00:00,0.137,0.253,0.604,away,,,
333,1379124,39,Liverpool,Brighton,2025-12-13T15:00:00+00:00,0.219,0.225,0.542,away,,,
334,1379122,39,Chelsea,Everton,2025-12-13T15:00:00+00:00,0.407,0.294,0.296,home,,,
335,1379121,39,Burnley,Fulham,2025-12-13T17:30:00+00:00,0.202,0.204,0.57,away,,,
336,1379119,39,Arsenal,Wolves,2025-12-13T20:00:00+00:00,0.77,0.177,0.04,home,,,
337,1379111,39,Brighton,West Ham,2025-12-07T14:00:00+00:00,0.444,0.196,0.313,home,,,
338,1379113,39,Fulham,Crystal Palace,2025-12-07T16:30:00+00:00,0.308,0.319,0.372,away,,,
339,1379118,39,Wolves,Manchester United,2025-12-08T20:00:00+00:00,0.137,0.253,0.604,away,,,
340,1379124,39,Liverpool,Brighton,2025-12-13T15:00:00+00:00,0.219,0.225,0.542,away,,,
341,1379122,39,Chelsea,Everton,2025-12-13T15:00:00+00:00,0.407,0.294,0.296,home,,,
342,1379121,39,Burnley,Fulham,2025-12-13T17:30:00+00:00,0.202,0.204,0.57,away,,,
343,1379119,39,Arsenal,Wolves,2025-12-13T20:00:00+00:00,0.77,0.177,0.04,home,,,
344,1379111,39,Brighton,West Ham,2025-12-07T14:00:00+00:00,0.444,0.196,0.313,home,,,
345,1379113,39,Fulham,Crystal Palace,2025-12-07T16:30:00+00:00,0.308,0.319,0.372,away,,,
346,1379118,39,Wolves,Manchester United,2025-12-08T20:00:00+00:00,0.137,0.253,0.604,away,,,
347,1379124,39,Liverpool,Brighton,2025-12-13T15:00:00+00:00,0.219,0.225,0.542,away,,,
348,1379122,39,Chelsea,Everton,2025-12-13T15:00:00+00:00,0.407,0.294,0.296,home,,,
349,1379121,39,Burnley,Fulham,2025-12-13T17:30:00+00:00,0.202,0.204,0.57,away,,,
350,1379119,39,Arsenal,Wolves,2025-12-13T20:00:00+00:00,0.77,0.177,0.04,home,,,
351,1379111,39,Brighton,West Ham,2025-12-07T14:00:00+00:00,0.444,0.196,0.313,home,,,
352,1379113,39,Fulham,Crystal Palace,2025-12-07T16:30:00+00:00,0.308,0.319,0.372,away,,,
353,1379118,39,Wolves,Manchester United,2025-12-08T20:00:00+00:00,0.137,0.253,0.604,away,,,
354,1379124,39,Liverpool,Brighton,2025-12-13T15:00:00+00:00,0.219,0.225,0.542,away,,,
355,1379122,39,Chelsea,Everton,2025-12-13T15:00:00+00:00,0.407,0.294,0.296,home,,,
356,1379121,39,Burnley,Fulham,2025-12-13T17:30:00+00:00,0.202,0.204,0.57,away,,,
357,1379119,39,Arsenal,Wolves,2025-12-13T20:00:00+00:00,0.77,0.177,0.04,home,,,
358,1379111,39,Brighton,West Ham,2025-12-07T14:00:00+00:00,0.444,0.196,0.313,home,,,
359,1379113,39,Fulham,Crystal Palace,2025-12-07T16:30:00+00:00,0.308,0.319,0.372,away,,,
360,1379118,39,Wolves,Manchester United,2025-12-08T20:00:00+00:00,0.137,0.253,0.604,away,,,
361,1379124,39,Liverpool,Brighton,2025-12-13T15:00:00+00:00,0.219,0.225,0.542,away,,,
362,1379122,39,Chelsea,Everton,2025-12-13T15:00:00+00:00,0.407,0.294,0.296,home,,,
363,1379121,39,Burnley,Fulham,2025-12-13T17:30:00+00:00,0.202,0.204,0.57,away,,,
364,1379119,39,Arsenal,Wolves,2025-12-13T20:00:00+00:00,0.77,0.177,0.04,home,,,
365,1379111,39,Brighton,West Ham,2025-12-07T14:00:00+00:00,0.444,0.196,0.313,home,,,
366,1379113,39,Fulham,Crystal Palace,2025-12-07T16:30:00+00:00,0.308,0.319,0.372,away,,,
367,1379118,39,Wolves,Manchester United,2025-12-08T20:00:00+00:00,0.137,0.253,0.604,away,,,
368,1379124,39,Liverpool,Brighton,2025-12-13T15:00:00+00:00,0.219,0.225,0.542,away,,,
369,1379122,39,Chelsea,Everton,2025-12-13T15:00:00+00:00,0.407,0.294,0.296,home,,,
370,1379121,39,Burnley,Fulham,2025-12-13T17:30:00+00:00,0.202,0.204,0.57,away,,,
371,1379119,39,Arsenal,Wolves,2025-12-13T20:00:00+00:00,0.77,0.177,0.04,home,,,
372,1379111,39,Brighton,West Ham,2025-12-07T14:00:00+00:00,0.444,0.196,0.313,home,,,
373,1379113,39,Fulham,Crystal Palace,2025-12-07T16:30:00+00:00,0.308,0.319,0.372,away,,,
374,1379118,39,Wolves,Manchester United,2025-12-08T20:00:00+00:00,0.137,0.253,0.604,away,,,
375,1379124,39,Liverpool,Brighton,2025-12-13T15:00:00+00:00,0.219,0.225,0.542,away,,,
376,1379122,39,Chelsea,Everton,2025-12-13T15:00:00+00:00,0.407,0.294,0.296,home,,,
377,1379121,39,Burnley,Fulham,2025-12-13T17:30:00+00:00,0.202,0.204,0.57,away,,,
378,1379119,39,Arsenal,Wolves,2025-12-13T20:00:00+00:00,0.77,0.177,0.04,home,,,
379,1379111,39,Brighton,West Ham,2025-12-07T14:00:00+00:00,0.444,0.196,0.313,home,,,
380,1379113,39,Fulham,Crystal Palace,2025-12-07T16:30:00+00:00,0.308,0.319,0.372,away,,,
381,1379118,39,Wolves,Manchester United,2025-12-08T20:00:00+00:00,0.137,0.253,0.604,away,,,
382,1379124,39,Liverpool,Brighton,2025-12-13T15:00:00+00:00,0.219,0.225,0.542,away,,,
383,1379122,39,Chelsea,Everton,2025-12-13T15:00:00+00:00,0.407,0.294,0.296,home,,,
384,1379121,39,Burnley,Fulham,2025-12-13T17:30:00+00:00,0.202,0.204,0.57,away,,,
385,1379119,39,Arsenal,Wolves,2025-12-13T20:00:00+00:00,0.77,0.177,0.04,home,,,
386,1379111,39,Brighton,West Ham,2025-12-07T14:00:00+00:00,0.444,0.196,0.313,home,,,
387,1379113,39,Fulham,Crystal Palace,2025-12-07T16:30:00+00:00,0.308,0.319,0.372,away,,,
388,1379118,39,Wolves,Manchester United,2025-12-08T20:00:00+00:00,0.137,0.253,0.604,away,,,
389,1379124,39,Liverpool,Brighton,2025-12-13T15:00:00+00:00,0.219,0.225,0.542,away,,,
390,1379122,39,Chelsea,Everton,2025-12-13T15:00:00+00:00,0.407,0.294,0.296,home,,,
391,1379121,39,Burnley,Fulham,2025-12-13T17:30:00+00:00,0.202,0.204,0.57,away,,,
392,1379119,39,Arsenal,Wolves,2025-12-13T20:00:00+00:00,0.77,0.177,0.04,home,,,
393,1379111,39,Brighton,West Ham,2025-12-07T14:00:00+00:00,0.444,0.196,0.313,home,,,
394,1379113,39,Fulham,Crystal Palace,2025-12-07T16:30:00+00:00,0.308,0.319,0.372,away,,,
395,1379118,39,Wolves,Manchester United,2025-12-08T20:00:00+00:00,0.137,0.253,0.604,away,,,
396,1379124,39,Liverpool,Brighton,2025-12-13T15:00:00+00:00,0.219,0.225,0.542,away,,,
397,1379122,39,Chelsea,Everton,2025-12-13T15:00:00+00:00,0.407,0.294,0.296,home,,,
398,1379121,39,Burnley,Fulham,2025-12-13T17:30:00+00:00,0.202,0.204,0.57,away,,,
399,1379119,39,Arsenal,Wolves,2025-12-13T20:00:00+00:00,0.77,0.177,0.04,home,,,
400,1379111,39,Brighton,West Ham,2025-12-07T14:00:00+00:00,0.444,0.196,0.313,home,,,
401,1379113,39,Fulham,Crystal Palace,2025-12-07T16:30:00+00:00,0.308,0.319,0.372,away,,,
402,1379118,39,Wolves,Manchester United,2025-12-08T20:00:00+00:00,0.137,0.253,0.604,away,,,
403,1379124,39,Liverpool,Brighton,2025-12-13T15:00:00+00:00,0.219,0.225,0.542,away,,,
404,1379122,39,Chelsea,Everton,2025-12-13T15:00:00+00:00,0.407,0.294,0.296,home,,,
405,1379121,39,Burnley,Fulham,2025-12-13T17:30:00+00:00,0.202,0.204,0.57,away,,,
406,1379119,39,Arsenal,Wolves,2025-12-13T20:00:00+00:00,0.77,0.177,0.04,home,,,
407,1379111,39,Brighton,West Ham,2025-12-07T14:00:00+00:00,0.444,0.196,0.313,home,,,
408,1379113,39,Fulham,Crystal Palace,2025-12-07T16:30:00+00:00,0.308,0.319,0.372,away,,,
409,1379118,39,Wolves,Manchester United,2025-12-08T20:00:00+00:00,0.137,0.253,0.604,away,,,
410,1379124,39,Liverpool,Brighton,2025-12-13T15:00:00+00:00,0.219,0.225,0.542,away,,,
411,1379122,39,Chelsea,Everton,2025-12-13T15:00:00+00:00,0.407,0.294,0.296,home,,,
412,1379121,39,Burnley,Fulham,2025-12-13T17:30:00+00:00,0.202,0.204,0.57,away,,,
413,1379119,39,Arsenal,Wolves,2025-12-13T20:00:00+00:00,0.77,0.177,0.04,home,,,
414,1379111,39,Brighton,West Ham,2025-12-07T14:00:00+00:00,0.444,0.196,0.313,home,,,
415,1379113,39,Fulham,Crystal Palace,2025-12-07T16:30:00+00:00,0.308,0.319,0.372,away,,,
416,1379118,39,Wolves,Manchester United,2025-12-08T20:00:00+00:00,0.137,0.253,0.604,away,,,
417,1379124,39,Liverpool,Brighton,2025-12-13T15:00:00+00:00,0.219,0.225,0.542,away,,,
418,1379122,39,Chelsea,Everton,2025-12-13T15:00:00+00:00,0.407,0.294,0.296,home,,,
419,1379121,39,Burnley,Fulham,2025-12-13T17:30:00+00:00,0.202,0.204,0.57,away,,,
420,1379119,39,Arsenal,Wolves,2025-12-13T20:00:00+00:00,0.77,0.177,0.04,home,,,
421,1379111,39,Brighton,West Ham,2025-12-07T14:00:00+00:00,0.444,0.196,0.313,home,,,
422,1379113,39,Fulham,Crystal Palace,2025-12-07T16:30:00+00:00,0.308,0.319,0.372,away,,,
423,1379118,39,Wolves,Manchester United,2025-12-08T20:00:00+00:00,0.137,0.253,0.604,away,,,
424,1379124,39,Liverpool,Brighton,2025-12-13T15:00:00+00:00,0.219,0.225,0.542,away,,,
425,1379122,39,Chelsea,Everton,2025-12-13T15:00:00+00:00,0.407,0.294,0.296,home,,,
426,1379121,39,Burnley,Fulham,2025-12-13T17:30:00+00:00,0.202,0.204,0.57,away,,,
427,1379119,39,Arsenal,Wolves,2025-12-13T20:00:00+00:00,0.77,0.177,0.04,home,,,
428,1379111,39,Brighton,West Ham,2025-12-07T14:00:00+00:00,0.444,0.196,0.313,home,,,
429,1379113,39,Fulham,Crystal Palace,2025-12-07T16:30:00+00:00,0.308,0.319,0.372,away,,,
430,1379118,39,Wolves,Manchester United,2025-12-08T20:00:00+00:00,0.137,0.253,0.604,away,,,
431,1379124,39,Liverpool,Brighton,2025-12-13T15:00:00+00:00,0.219,0.225,0.542,away,,,
432,1379122,39,Chelsea,Everton,2025-12-13T15:00:00+00:00,0.407,0.294,0.296,home,,,
433,1379121,39,Burnley,Fulham,2025-12-13T17:30:00+00:00,0.202,0.204,0.57,away,,,
434,1379119,39,Arsenal,Wolves,2025-12-13T20:00:00+00:00,0.77,0.177,0.04,home,,,
435,1379111,39,Brighton,West Ham,2025-12-07T14:00:00+00:00,0.444,0.196,0.313,home,,,
436,1379113,39,Fulham,Crystal Palace,2025-12-07T16:30:00+00:00,0.308,0.319,0.372,away,,,
437,1379118,39,Wolves,Manchester United,2025-12-08T20:00:00+00:00,0.137,0.253,0.604,away,,,
438,1379124,39,Liverpool,Brighton,2025-12-13T15:00:00+00:00,0.219,0.225,0.542,away,,,
439,1379122,39,Chelsea,Everton,2025-12-13T15:00:00+00:00,0.407,0.294,0.296,home,,,
440,1379121,39,Burnley,Fulham,2025-12-13T17:30:00+00:00,0.202,0.204,0.57,away,,,
441,1379119,39,Arsenal,Wolves,2025-12-13T20:00:00+00:00,0.77,0.177,0.04,home,,,
442,1379111,39,Brighton,West Ham,2025-12-07T14:00:00+00:00,0.444,0.196,0.313,home,,,
443,1379113,39,Fulham,Crystal Palace,2025-12-07T16:30:00+00:00,0.308,0.319,0.372,away,,,
444,1379118,39,Wolves,Manchester United,2025-12-08T20:00:00+00:00,0.137,0.253,0.604,away,,,
445,1379124,39,Liverpool,Brighton,2025-12-13T15:00:00+00:00,0.219,0.225,0.542,away,,,
446,1379122,39,Chelsea,Everton,2025-12-13T15:00:00+00:00,0.407,0.294,0.296,home,,,
447,1379121,39,Burnley,Fulham,2025-12-13T17:30:00+00:00,0.202,0.204,0.57,away,,,
448,1379119,39,Arsenal,Wolves,2025-12-13T20:00:00+00:00,0.77,0.177,0.04,home,,,
449,1379111,39,Brighton,West Ham,2025-12-07T14:00:00+00:00,0.444,0.196,0.313,home,,,
450,1379113,39,Fulham,Crystal Palace,2025-12-07T16:30:00+00:00,0.308,0.319,0.372,away,,,
451,1379118,39,Wolves,Manchester United,2025-12-08T20:00:00+00:00,0.137,0.253,0.604,away,,,
452,1379124,39,Liverpool,Brighton,2025-12-13T15:00:00+00:00,0.219,0.225,0.542,away,,,
453,1379122,39,Chelsea,Everton,2025-12-13T15:00:00+00:00,0.407,0.294,0.296,home,,,
454,1379121,39,Burnley,Fulham,2025-12-13T17:30:00+00:00,0.202,0.204,0.57,away,,,
455,1379119,39,Arsenal,Wolves,2025-12-13T20:00:00+00:00,0.77,0.177,0.04,home,,,
456,1379111,39,Brighton,West Ham,2025-12-07T14:00:00+00:00,0.444,0.196,0.313,home,,,
457,1379113,39,Fulham,Crystal Palace,2025-12-07T16:30:00+00:00,0.308,0.319,0.372,away,,,
458,1379118,39,Wolves,Manchester United,2025-12-08T20:00:00+00:00,0.137,0.253,0.604,away,,,
459,1379124,39,Liverpool,Brighton,2025-12-13T15:00:00+00:00,0.219,0.225,0.542,away,,,
460,1379122,39,Chelsea,Everton,2025-12-13T15:00:00+00:00,0.407,0.294,0.296,home,,,
461,1379121,39,Burnley,Fulham,2025-12-13T17:30:00+00:00,0.202,0.204,0.57,away,,,
462,1379119,39,Arsenal,Wolves,2025-12-13T20:00:00+00:00,0.77,0.177,0.04,home,,,
463,1379111,39,Brighton,West Ham,2025-12-07T14:00:00+00:00,0.444,0.196,0.313,home,,,
464,1379113,39,Fulham,Crystal Palace,2025-12-07T16:30:00+00:00,0.308,0.319,0.372,away,,,
465,1379118,39,Wolves,Manchester United,2025-12-08T20:00:00+00:00,0.137,0.253,0.604,away,,,
466,1379124,39,Liverpool,Brighton,2025-12-13T15:00:00+00:00,0.219,0.225,0.542,away,,,
467,1379122,39,Chelsea,Everton,2025-12-13T15:00:00+00:00,0.407,0.294,0.296,home,,,
468,1379121,39,Burnley,Fulham,2025-12-13T17:30:00+00:00,0.202,0.204,0.57,away,,,
469,1379119,39,Arsenal,Wolves,2025-12-13T20:00:00+00:00,0.77,0.177,0.04,home,,,
470,1379109,39,Aston Villa,Arsenal,2025-12-06T12:30:00+00:00,0.221,0.23,0.538,away,,home,
471,1379116,39,Newcastle,Burnley,2025-12-06T15:00:00+00:00,0.682,0.153,0.111,home,,home,
472,1379110,39,Bournemouth,Chelsea,2025-12-06T15:00:00+00:00,0.302,0.229,0.455,away,,draw,
473,1379112,39,Everton,Nottingham Forest,2025-12-06T15:00:00+00:00,0.341,0.23,0.415,away,,home,
474,1379117,39,Tottenham,Brentford,2025-12-06T15:00:00+00:00,0.406,0.226,0.352,home,,home,
475,1379115,39,Manchester City,Sunderland,2025-12-06T15:00:00+00:00,0.57,0.152,0.172,home,,home,
476,1379114,39,Leeds,Liverpool,2025-12-06T17:30:00+00:00,0.451,0.241,0.299,home,,draw,
477,1390968,140,Villarreal,Getafe,2025-12-06T13:00:00+00:00,0.656,0.044,0.019,home,,,
478,1390959,140,Alaves,Real Sociedad,2025-12-06T15:15:00+00:00,0.6,0.352,0.048,home,,,
479,1390961,140,Real Betis,Barcelona,2025-12-06T17:30:00+00:00,0.268,0.182,0.482,away,,,
480,1390960,140,Athletic Club,Atletico Madrid,2025-12-06T20:00:00+00:00,0.178,0.37,0.452,away,,,
481,1378000,135,Sassuolo,Fiorentina,2025-12-06T14:00:00+00:00,0.254,0.231,0.503,away,,,
482,1377996,135,Inter,Como,2025-12-06T17:00:00+00:00,0.518,0.32,0.16,home,,,
483,1378003,135,Verona,Atalanta,2025-12-06T19:45:00+00:00,0.302,0.255,0.437,away,,,
484,1388424,78,VfL Wolfsburg,Union Berlin,2025-12-06T14:30:00+00:00,0.403,0.221,0.356,home,,,
485,1388416,78,FC Augsburg,Bayer Leverkusen,2025-12-06T14:30:00+00:00,0.179,0.227,0.583,away,,,
486,1388423,78,VfB Stuttgart,Bayern München,2025-12-06T14:30:00+00:00,0.151,0.158,0.62,away,,,
487,1388420,78,1. FC Heidenheim,SC Freiburg,2025-12-06T14:30:00+00:00,0.343,0.227,0.415,away,,,
488,1388418,78,1. FC Köln,FC St. Pauli,2025-12-06T14:30:00+00:00,0.473,0.251,0.269,home,,,
489,1388422,78,RB Leipzig,Eintracht Frankfurt,2025-12-06T17:30:00+00:00,0.177,0.204,0.598,away,,,
490,1387829,61,Nantes,Lens,2025-12-06T16:00:00+00:00,0.3,0.34,0.359,away,,,
491,1387832,61,Toulouse,Strasbourg,2025-12-06T18:00:00+00:00,0.395,0.309,0.294,home,,,
492,1387831,61,Paris Saint Germain,Rennes,2025-12-06T20:05:00+00:00,0.596,0.173,0.177,home,,,
493,1396351,94,Santa Clara,Casa Pia,2025-12-06T15:30:00+00:00,0.689,0.189,0.103,home,,,
494,1396345,94,AVS,Rio Ave,2025-12-06T18:00:00+00:00,0.557,0.23,0.201,home,,,
495,1396350,94,Famalicao,SC Braga,2025-12-06T20:30:00+00:00,0.121,0.215,0.653,away,,,
496,1379109,39,Aston Villa,Arsenal,2025-12-06T12:30:00+00:00,0.221,0.23,0.538,away,,,
497,1379116,39,Newcastle,Burnley,2025-12-06T15:00:00+00:00,0.682,0.153,0.111,home,,,
498,1379110,39,Bournemouth,Chelsea,2025-12-06T15:00:00+00:00,0.302,0.229,0.455,away,,,
499,1379112,39,Everton,Nottingham Forest,2025-12-06T15:00:00+00:00,0.341,0.23,0.415,away,,,
500,1379117,39,Tottenham,Brentford,2025-12-06T15:00:00+00:00,0.406,0.226,0.352,home,,,
501,1379115,39,Manchester City,Sunderland,2025-12-06T15:00:00+00:00,0.57,0.152,0.172,home,,,
502,1379114,39,Leeds,Liverpool,2025-12-06T17:30:00+00:00,0.451,0.241,0.299,home,,,
503,1379111,39,Brighton,West Ham,2025-12-07T14:00:00+00:00,0.444,0.196,0.313,home,,,
504,1379113,39,Fulham,Crystal Palace,2025-12-07T16:30:00+00:00,0.308,0.319,0.372,away,,,
505,1379118,39,Wolves,Manchester United,2025-12-08T20:00:00+00:00,0.137,0.253,0.604,away,,,
506,1379111,39,Brighton,West Ham,2025-12-07T14:00:00+00:00,0.444,0.196,0.313,home,,,
507,1379113,39,Fulham,Crystal Palace,2025-12-07T16:30:00+00:00,0.308,0.319,0.372,away,,,
508,1379118,39,Wolves,Manchester United,2025-12-08T20:00:00+00:00,0.137,0.253,0.604,away,,,
509,1379111,39,Brighton,West Ham,2025-12-07T14:00:00+00:00,0.444,0.196,0.313,home,,,
510,1379113,39,Fulham,Crystal Palace,2025-12-07T16:30:00+00:00,0.308,0.319,0.372,away,,,
511,1379118,39,Wolves,Manchester United,2025-12-08T20:00:00+00:00,0.137,0.253,0.604,away,,,
512,1379111,39,Brighton,West Ham,2025-12-07T14:00:00+00:00,0.444,0.196,0.313,home,,,
513,1379113,39,Fulham,Crystal Palace,2025-12-07T16:30:00+00:00,0.308,0.319,0.372,away,,,
514,1379118,39,Wolves,Manchester United,2025-12-08T20:00:00+00:00,0.137,0.253,0.604,away,,,
515,1379111,39,Brighton,West Ham,2025-12-07T14:00:00+00:00,0.444,0.196,0.313,home,,,
516,1379113,39,Fulham,Crystal Palace,2025-12-07T16:30:00+00:00,0.308,0.319,0.372,away,,,
517,1379118,39,Wolves,Manchester United,2025-12-08T20:00:00+00:00,0.137,0.253,0.604,away,,,
518,1379111,39,Brighton,West Ham,2025-12-07T14:00:00+00:00,0.369,0.288,0.341,home,,,
519,1379113,39,Fulham,Crystal Palace,2025-12-07T16:30:00+00:00,0.323,0.289,0.386,away,,,
520,1379118,39,Wolves,Manchester United,2025-12-08T20:00:00+00:00,0.293,0.271,0.432,away,,,
521,1379111,39,Brighton,West Ham,2025-12-07T14:00:00+00:00,0.444,0.196,0.313,home,,,
522,1379113,39,Fulham,Crystal Palace,2025-12-07T16:30:00+00:00,0.308,0.319,0.372,away,,,
523,1379118,39,Wolves,Manchester United,2025-12-08T20:00:00+00:00,0.137,0.253,0.604,away,,,
524,1379124,39,Liverpool,Brighton,2025-12-13T15:00:00+00:00,0.219,0.225,0.542,away,,,
525,1379122,39,Chelsea,Everton,2025-12-13T15:00:00+00:00,0.407,0.294,0.296,home,,,
526,1379121,39,Burnley,Fulham,2025-12-13T17:30:00+00:00,0.202,0.204,0.57,away,,,
527,1379119,39,Arsenal,Wolves,2025-12-13T20:00:00+00:00,0.77,0.177,0.04,home,,,
528,1379111,39,Brighton,West Ham,2025-12-07T14:00:00+00:00,0.444,0.196,0.313,away,0.1416,,
529,1379111,39,Brighton,West Ham,2025-12-07T14:00:00+00:00,0.444,0.196,0.313,home,,,
530,1379113,39,Fulham,Crystal Palace,2025-12-07T16:30:00+00:00,0.308,0.319,0.372,away,,,
531,1390962,140,Elche,Girona,2025-12-07T13:00:00+00:00,0.457,0.32,0.222,home,,,
532,1390967,140,Valencia,Sevilla,2025-12-07T15:15:00+00:00,0.738,0.137,0.073,home,,,
533,1390963,140,Espanyol,Rayo Vallecano,2025-12-07T17:30:00+00:00,0.192,0.274,0.53,away,,,
534,1390965,140,Real Madrid,Celta Vigo,2025-12-07T20:00:00+00:00,0.514,0.178,0.239,home,,,
535,1379111,39,Brighton,West Ham,2025-12-07T14:00:00+00:00,0.444,0.196,0.313,home,,,
536,1379113,39,Fulham,Crystal Palace,2025-12-07T16:30:00+00:00,0.308,0.319,0.372,away,,,
537,1390962,140,Elche,Girona,2025-12-07T13:00:00+00:00,0.457,0.32,0.222,home,,,
538,1390967,140,Valencia,Sevilla,2025-12-07T15:15:00+00:00,0.738,0.137,0.073,home,,,
539,1390963,140,Espanyol,Rayo Vallecano,2025-12-07T17:30:00+00:00,0.192,0.274,0.53,away,,,
540,1390965,140,Real Madrid,Celta Vigo,2025-12-07T20:00:00+00:00,0.514,0.178,0.239,home,,,
541,1377995,135,Cremonese,Lecce,2025-12-07T11:30:00+00:00,0.236,0.286,0.476,away,,,
542,1377994,135,Cagliari,AS Roma,2025-12-07T14:00:00+00:00,0.221,0.238,0.532,away,,,
543,1377997,135,Lazio,Bologna,2025-12-07T17:00:00+00:00,0.557,0.269,0.17,home,,,
544,1377998,135,Napoli,Juventus,2025-12-07T19:45:00+00:00,0.264,0.501,0.235,draw,,,
545,1377995,135,Cremonese,Lecce,2025-12-07T11:30:00+00:00,0.236,0.286,0.476,away,,,
546,1377994,135,Cagliari,AS Roma,2025-12-07T14:00:00+00:00,0.221,0.238,0.532,away,,,
547,1377997,135,Lazio,Bologna,2025-12-07T17:00:00+00:00,0.557,0.269,0.17,home,,,
548,1377998,135,Napoli,Juventus,2025-12-07T19:45:00+00:00,0.264,0.501,0.235,draw,,,
549,1388419,78,Hamburger SV,Werder Bremen,2025-12-07T14:30:00+00:00,0.067,0.234,0.693,away,,,
550,1388417,78,Borussia Dortmund,1899 Hoffenheim,2025-12-07T16:30:00+00:00,0.674,0.129,0.099,home,,,
551,1388419,78,Hamburger SV,Werder Bremen,2025-12-07T14:30:00+00:00,0.067,0.234,0.693,away,,,
552,1388417,78,Borussia Dortmund,1899 Hoffenheim,2025-12-07T16:30:00+00:00,0.674,0.129,0.099,home,,,
553,1387830,61,Nice,Angers,2025-12-07T14:00:00+00:00,0.726,0.191,0.07,home,,,
554,1387824,61,Auxerre,Metz,2025-12-07T16:15:00+00:00,0.552,0.207,0.218,home,,,
555,1387826,61,Le Havre,Paris FC,2025-12-07T16:15:00+00:00,0.361,0.256,0.377,away,,,
556,1387828,61,Lorient,Lyon,2025-12-07T19:45:00+00:00,0.31,0.202,0.452,away,,,
557,1387830,61,Nice,Angers,2025-12-07T14:00:00+00:00,0.726,0.191,0.07,home,,,
558,1387824,61,Auxerre,Metz,2025-12-07T16:15:00+00:00,0.552,0.207,0.218,home,,,
559,1387826,61,Le Havre,Paris FC,2025-12-07T16:15:00+00:00,0.361,0.256,0.377,away,,,
560,1387828,61,Lorient,Lyon,2025-12-07T19:45:00+00:00,0.31,0.202,0.452,away,,,
561,1396348,94,Estoril,Moreirense,2025-12-07T15:30:00+00:00,0.504,0.187,0.255,home,,,
562,1396346,94,Alverca,Nacional,2025-12-07T18:00:00+00:00,0.281,0.23,0.476,away,,,
563,1396349,94,Estrela,Arouca,2025-12-07T18:00:00+00:00,0.602,0.13,0.127,home,,,
564,1396352,94,Tondela,FC Porto,2025-12-07T20:30:00+00:00,0.107,0.266,0.623,away,,,
565,1396348,94,Estoril,Moreirense,2025-12-07T15:30:00+00:00,0.504,0.187,0.255,home,,,
566,1396346,94,Alverca,Nacional,2025-12-07T18:00:00+00:00,0.281,0.23,0.476,away,,,
567,1396349,94,Estrela,Arouca,2025-12-07T18:00:00+00:00,0.602,0.13,0.127,home,,,
568,1396352,94,Tondela,FC Porto,2025-12-07T20:30:00+00:00,0.107,0.266,0.623,away,,,
569,1379111,39,Brighton,West Ham,2025-12-07T14:00:00+00:00,0.444,0.196,0.313,away,0.1416,,
570,1379111,39,Brighton,West Ham,2025-12-07T14:00:00+00:00,0.444,0.196,0.313,home,,,
571,1379113,39,Fulham,Crystal Palace,2025-12-07T16:30:00+00:00,0.308,0.319,0.372,away,,,
572,1379118,39,Wolves,Manchester United,2025-12-08T20:00:00+00:00,0.137,0.253,0.604,away,,,
573,1379124,39,Liverpool,Brighton,2025-12-13T15:00:00+00:00,0.219,0.225,0.542,away,,,
574,1379122,39,Chelsea,Everton,2025-12-13T15:00:00+00:00,0.407,0.294,0.296,home,,,
575,1379121,39,Burnley,Fulham,2025-12-13T17:30:00+00:00,0.202,0.204,0.57,away,,,
576,1379119,39,Arsenal,Wolves,2025-12-13T20:00:00+00:00,0.77,0.177,0.04,home,,,
577,1379111,39,Brighton,West Ham,2025-12-07T14:00:00+00:00,0.444,0.196,0.313,home,,,
578,1379113,39,Fulham,Crystal Palace,2025-12-07T16:30:00+00:00,0.308,0.319,0.372,away,,,
579,1390962,140,Elche,Girona,2025-12-07T13:00:00+00:00,0.457,0.32,0.222,home,,,
580,1390967,140,Valencia,Sevilla,2025-12-07T15:15:00+00:00,0.738,0.137,0.073,home,,,
581,1390963,140,Espanyol,Rayo Vallecano,2025-12-07T17:30:00+00:00,0.192,0.274,0.53,away,,,
582,1390965,140,Real Madrid,Celta Vigo,2025-12-07T20:00:00+00:00,0.514,0.178,0.239,home,,,
583,1377995,135,Cremonese,Lecce,2025-12-07T11:30:00+00:00,0.236,0.286,0.476,away,,,
584,1377994,135,Cagliari,AS Roma,2025-12-07T14:00:00+00:00,0.221,0.238,0.532,away,,,
585,1377997,135,Lazio,Bologna,2025-12-07T17:00:00+00:00,0.557,0.269,0.17,home,,,
586,1377998,135,Napoli,Juventus,2025-12-07T19:45:00+00:00,0.264,0.501,0.235,draw,,,
587,1388419,78,Hamburger SV,Werder Bremen,2025-12-07T14:30:00+00:00,0.067,0.234,0.693,away,,,
588,1388417,78,Borussia Dortmund,1899 Hoffenheim,2025-12-07T16:30:00+00:00,0.674,0.129,0.099,home,,,
589,1387830,61,Nice,Angers,2025-12-07T14:00:00+00:00,0.726,0.191,0.07,home,,,
590,1387824,61,Auxerre,Metz,2025-12-07T16:15:00+00:00,0.552,0.207,0.218,home,,,
591,1387826,61,Le Havre,Paris FC,2025-12-07T16:15:00+00:00,0.361,0.256,0.377,away,,,
592,1387828,61,Lorient,Lyon,2025-12-07T19:45:00+00:00,0.31,0.202,0.452,away,,,
593,1396348,94,Estoril,Moreirense,2025-12-07T15:30:00+00:00,0.504,0.187,0.255,home,,,
594,1396346,94,Alverca,Nacional,2025-12-07T18:00:00+00:00,0.281,0.23,0.476,away,,,
595,1396349,94,Estrela,Arouca,2025-12-07T18:00:00+00:00,0.602,0.13,0.127,home,,,
596,1396352,94,Tondela,FC Porto,2025-12-07T20:30:00+00:00,0.107,0.266,0.623,away,,,
597,1379111,39,Brighton,West Ham,2025-12-07T14:00:00+00:00,0.444,0.196,0.313,home,,,
598,1379113,39,Fulham,Crystal Palace,2025-12-07T16:30:00+00:00,0.308,0.319,0.372,away,,,
599,1390962,140,Elche,Girona,2025-12-07T13:00:00+00:00,0.457,0.32,0.222,home,,,
600,1390967,140,Valencia,Sevilla,2025-12-07T15:15:00+00:00,0.738,0.137,0.073,home,,,
601,1390963,140,Espanyol,Rayo Vallecano,2025-12-07T17:30:00+00:00,0.192,0.274,0.53,away,,,
602,1390965,140,Real Madrid,Celta Vigo,2025-12-07T20:00:00+00:00,0.514,0.178,0.239,home,,,
603,1377995,135,Cremonese,Lecce,2025-12-07T11:30:00+00:00,0.236,0.286,0.476,away,,,
604,1377994,135,Cagliari,AS Roma,2025-12-07T14:00:00+00:00,0.221,0.238,0.532,away,,,
605,1377997,135,Lazio,Bologna,2025-12-07T17:00:00+00:00,0.557,0.269,0.17,home,,,
606,1377998,135,Napoli,Juventus,2025-12-07T19:45:00+00:00,0.264,0.501,0.235,draw,,,
607,1388419,78,Hamburger SV,Werder Bremen,2025-12-07T14:30:00+00:00,0.067,0.234,0.693,away,,,
608,1388417,78,Borussia Dortmund,1899 Hoffenheim,2025-12-07T16:30:00+00:00,0.674,0.129,0.099,home,,,
609,1387830,61,Nice,Angers,2025-12-07T14:00:00+00:00,0.726,0.191,0.07,home,,,
610,1387824,61,Auxerre,Metz,2025-12-07T16:15:00+00:00,0.552,0.207,0.218,home,,,
611,1387826,61,Le Havre,Paris FC,2025-12-07T16:15:00+00:00,0.361,0.256,0.377,away,,,
612,1387828,61,Lorient,Lyon,2025-12-07T19:45:00+00:00,0.31,0.202,0.452,away,,,
613,1396348,94,Estoril,Moreirense,2025-12-07T15:30:00+00:00,0.504,0.187,0.255,home,,,
614,1396346,94,Alverca,Nacional,2025-12-07T18:00:00+00:00,0.281,0.23,0.476,away,,,
615,1396349,94,Estrela,Arouca,2025-12-07T18:00:00+00:00,0.602,0.13,0.127,home,,,
616,1396352,94,Tondela,FC Porto,2025-12-07T20:30:00+00:00,0.107,0.266,0.623,away,,,
617,1379111,39,Brighton,West Ham,2025-12-07T14:00:00+00:00,0.444,0.196,0.313,home,,,
618,1379113,39,Fulham,Crystal Palace,2025-12-07T16:30:00+00:00,0.308,0.319,0.372,away,,,
619,1390962,140,Elche,Girona,2025-12-07T13:00:00+00:00,0.457,0.32,0.222,home,,,
620,1390967,140,Valencia,Sevilla,2025-12-07T15:15:00+00:00,0.738,0.137,0.073,home,,,
621,1390963,140,Espanyol,Rayo Vallecano,2025-12-07T17:30:00+00:00,0.192,0.274,0.53,away,,,
622,1390965,140,Real Madrid,Celta Vigo,2025-12-07T20:00:00+00:00,0.514,0.178,0.239,home,,,
623,1377995,135,Cremonese,Lecce,2025-12-07T11:30:00+00:00,0.236,0.286,0.476,away,,,
624,1377994,135,Cagliari,AS Roma,2025-12-07T14:00:00+00:00,0.221,0.238,0.532,away,,,
625,1377997,135,Lazio,Bologna,2025-12-07T17:00:00+00:00,0.557,0.269,0.17,home,,,
626,1377998,135,Napoli,Juventus,2025-12-07T19:45:00+00:00,0.264,0.501,0.235,draw,,,
627,1388419,78,Hamburger SV,Werder Bremen,2025-12-07T14:30:00+00:00,0.067,0.234,0.693,away,,,
628,1388417,78,Borussia Dortmund,1899 Hoffenheim,2025-12-07T16:30:00+00:00,0.674,0.129,0.099,home,,,
629,1387830,61,Nice,Angers,2025-12-07T14:00:00+00:00,0.726,0.191,0.07,home,,,
630,1387824,61,Auxerre,Metz,2025-12-07T16:15:00+00:00,0.552,0.207,0.218,home,,,
631,1387826,61,Le Havre,Paris FC,2025-12-07T16:15:00+00:00,0.361,0.256,0.377,away,,,
632,1387828,61,Lorient,Lyon,2025-12-07T19:45:00+00:00,0.31,0.202,0.452,away,,,
633,1379111,39,Brighton,West Ham,2025-12-07T14:00:00+00:00,0.444,0.196,0.313,home,,,
634,1379113,39,Fulham,Crystal Palace,2025-12-07T16:30:00+00:00,0.308,0.319,0.372,away,,,
635,1379118,39,Wolves,Manchester United,2025-12-08T20:00:00+00:00,0.137,0.253,0.604,away,,,
636,1379124,39,Liverpool,Brighton,2025-12-13T15:00:00+00:00,0.219,0.225,0.542,away,,,
637,1379122,39,Chelsea,Everton,2025-12-13T15:00:00+00:00,0.407,0.294,0.296,home,,,
638,1379121,39,Burnley,Fulham,2025-12-13T17:30:00+00:00,0.202,0.204,0.57,away,,,
639,1379119,39,Arsenal,Wolves,2025-12-13T20:00:00+00:00,0.77,0.177,0.04,home,,,
640,1396348,94,Estoril,Moreirense,2025-12-07T15:30:00+00:00,0.504,0.187,0.255,home,,,
641,1396346,94,Alverca,Nacional,2025-12-07T18:00:00+00:00,0.281,0.23,0.476,away,,,
642,1396349,94,Estrela,Arouca,2025-12-07T18:00:00+00:00,0.602,0.13,0.127,home,,,
643,1396352,94,Tondela,FC Porto,2025-12-07T20:30:00+00:00,0.107,0.266,0.623,away,,,
644,1396353,94,Guimaraes,GIL Vicente,2025-12-08T20:30:00+00:00,0.228,0.311,0.46,away,,,
645,1396360,94,Nacional,Tondela,2025-12-13T15:30:00+00:00,0.742,0.168,0.067,home,,,
646,1396356,94,Casa Pia,GIL Vicente,2025-12-13T15:30:00+00:00,0.215,0.272,0.509,away,,,
647,1396361,94,Rio Ave,Guimaraes,2025-12-13T18:00:00+00:00,0.229,0.228,0.531,away,,,
648,1396362,94,Sporting CP,AVS,2025-12-13T20:30:00+00:00,0.736,0.09,0.046,home,,,
649,1379111,39,Brighton,West Ham,2025-12-07T14:00:00+00:00,0.444,0.196,0.313,away,0.1416,,
650,1379111,39,Brighton,West Ham,2025-12-07T14:00:00+00:00,0.444,0.196,0.313,home,,,
651,1379113,39,Fulham,Crystal Palace,2025-12-07T16:30:00+00:00,0.308,0.319,0.372,away,,,
652,1390962,140,Elche,Girona,2025-12-07T13:00:00+00:00,0.457,0.32,0.222,home,,,
653,1390967,140,Valencia,Sevilla,2025-12-07T15:15:00+00:00,0.738,0.137,0.073,home,,,
654,1390963,140,Espanyol,Rayo Vallecano,2025-12-07T17:30:00+00:00,0.192,0.274,0.53,away,,,
655,1390965,140,Real Madrid,Celta Vigo,2025-12-07T20:00:00+00:00,0.514,0.178,0.239,home,,,
656,1377995,135,Cremonese,Lecce,2025-12-07T11:30:00+00:00,0.236,0.286,0.476,away,,,
657,1377994,135,Cagliari,AS Roma,2025-12-07T14:00:00+00:00,0.221,0.238,0.532,away,,,
658,1377997,135,Lazio,Bologna,2025-12-07T17:00:00+00:00,0.557,0.269,0.17,home,,,
659,1377998,135,Napoli,Juventus,2025-12-07T19:45:00+00:00,0.264,0.501,0.235,draw,,,
660,1379111,39,Brighton,West Ham,2025-12-07T14:00:00+00:00,0.444,0.196,0.313,home,,,
661,1379113,39,Fulham,Crystal Palace,2025-12-07T16:30:00+00:00,0.308,0.319,0.372,away,,,
662,1379118,39,Wolves,Manchester United,2025-12-08T20:00:00+00:00,0.137,0.253,0.604,away,,,
663,1379124,39,Liverpool,Brighton,2025-12-13T15:00:00+00:00,0.219,0.225,0.542,away,,,
664,1379122,39,Chelsea,Everton,2025-12-13T15:00:00+00:00,0.407,0.294,0.296,home,,,
665,1379121,39,Burnley,Fulham,2025-12-13T17:30:00+00:00,0.202,0.204,0.57,away,,,
666,1379119,39,Arsenal,Wolves,2025-12-13T20:00:00+00:00,0.77,0.177,0.04,home,,,
667,1379111,39,Brighton,West Ham,2025-12-07T14:00:00+00:00,0.444,0.196,0.313,home,,,
668,1379113,39,Fulham,Crystal Palace,2025-12-07T16:30:00+00:00,0.308,0.319,0.372,away,,,
669,1379118,39,Wolves,Manchester United,2025-12-08T20:00:00+00:00,0.137,0.253,0.604,away,,,
670,1379124,39,Liverpool,Brighton,2025-12-13T15:00:00+00:00,0.219,0.225,0.542,away,,,
671,1379122,39,Chelsea,Everton,2025-12-13T15:00:00+00:00,0.407,0.294,0.296,home,,,
672,1379121,39,Burnley,Fulham,2025-12-13T17:30:00+00:00,0.202,0.204,0.57,away,,,
673,1379119,39,Arsenal,Wolves,2025-12-13T20:00:00+00:00,0.77,0.177,0.04,home,,,
674,1379111,39,Brighton,West Ham,2025-12-07T14:00:00+00:00,0.444,0.196,0.313,home,,,
675,1379113,39,Fulham,Crystal Palace,2025-12-07T16:30:00+00:00,0.308,0.319,0.372,away,,,
676,1379118,39,Wolves,Manchester United,2025-12-08T20:00:00+00:00,0.137,0.253,0.604,away,,,
677,1379124,39,Liverpool,Brighton,2025-12-13T15:00:00+00:00,0.219,0.225,0.542,away,,,
678,1379122,39,Chelsea,Everton,2025-12-13T15:00:00+00:00,0.407,0.294,0.296,home,,,
679,1379121,39,Burnley,Fulham,2025-12-13T17:30:00+00:00,0.202,0.204,0.57,away,,,
680,1379119,39,Arsenal,Wolves,2025-12-13T20:00:00+00:00,0.77,0.177,0.04,home,,,
681,1379113,39,Fulham,Crystal Palace,2025-12-07T16:30:00+00:00,0.308,0.319,0.372,away,,,
682,1379118,39,Wolves,Manchester United,2025-12-08T20:00:00+00:00,0.137,0.253,0.604,away,,,
683,1379124,39,Liverpool,Brighton,2025-12-13T15:00:00+00:00,0.219,0.225,0.542,away,,,
684,1379122,39,Chelsea,Everton,2025-12-13T15:00:00+00:00,0.407,0.294,0.296,home,,,
685,1379121,39,Burnley,Fulham,2025-12-13T17:30:00+00:00,0.202,0.204,0.57,away,,,
686,1379119,39,Arsenal,Wolves,2025-12-13T20:00:00+00:00,0.77,0.177,0.04,home,,,
687,1379128,39,West Ham,Aston Villa,2025-12-14T14:00:00+00:00,0.344,0.229,0.413,away,,,
688,1379123,39,Crystal Palace,Manchester City,2025-12-14T14:00:00+00:00,0.458,0.271,0.268,home,,,
689,1379126,39,Nottingham Forest,Tottenham,2025-12-14T14:00:00+00:00,0.375,0.227,0.382,away,,,
690,1379127,39,Sunderland,Newcastle,2025-12-14T14:00:00+00:00,0.264,0.211,0.502,away,,,
